1,"null",6,"checked",0,\N
2,"null",8,"checked",0,\N
3,"null",2,"fold",1.85682724300022,\N
4,"null",7,"checked",0,\N
5,"null",3,"fold",0.853246086000581,\N
6,"null",2,"fold",0.702888487000564,\N
7,"null",3,"checked",0,\N
8,"null",5,"call",0.636189666000063,\N
9,"null",3,"fold",0.638205088999711,\N
10,"null",8,"call",0.552804566999839,\N
11,"null",2,"checked",0,\N
12,"null",5,"call",0.7722769410002,\N
13,"null",8,"checked",0,\N
14,"null",5,"call",0.569150315000115,\N
15,"null",4,"call",0.519000969999979,\N
16,"null",7,"call",0.536101540000345,\N
17,"null",4,"fold",1.67320716199992,\N
18,"null",5,"call",0.569197999000607,\N
19,"null",3,"checked",0,\N
20,"null",2,"checked",0,\N
21,"null",8,"call",0.502274691999446,\N
22,"null",8,"call",0.538372678000087,\N
23,"null",4,"call",0.636148945000059,\N
24,"null",4,"call",0.487880999000481,\N
25,"null",8,"call",0.469132062000426,\N
26,"null",7,"call",0.469307370000024,\N
27,"null",6,"call",1.48973470599958,\N
28,"null",3,"checked",0,\N
29,"null",5,"checked",0,\N
30,"null",5,"call",1.43748938099997,\N
31,"null",8,"call",0.519301593999443,\N
32,"null",6,"checked",0,\N
33,"null",4,"fold",0.652803740999843,\N
34,"null",7,"checked",0,\N
35,"null",7,"call",1.22043593200032,\N
36,"null",5,"checked",0,\N
37,"null",8,"call",0.452412714000274,\N
38,"null",2,"fold",0.61944965099974,\N
39,"null",4,"fold",0.50481817399941,\N
40,"null",7,"checked",0,\N
41,"null",5,"call",1.25358578100076,\N
42,"null",5,"checked",0,\N
43,"null",5,"call",1.01955914799964,\N
44,"null",7,"call",0.838779448000423,\N
45,"null",2,"checked",0,\N
46,"null",2,"fold",0.970003892999557,\N
47,"null",6,"call",0.753079358999457,\N
48,"null",4,"checked",0,\N
49,"null",6,"call",0.655156625000017,\N
50,"null",4,"fold",0.803006371000265,\N
51,"null",4,"checked",0,\N
52,"null",7,"call",0.654861113999686,\N
53,"null",6,"call",0.972246067000014,\N
54,"null",3,"fold",0.635812216999511,\N
55,"null",2,"fold",0.871874082000431,\N
56,"null",3,"fold",0.719369689999439,\N
57,"null",7,"checked",0,\N
58,"null",6,"call",0.435875468000631,\N
59,"null",3,"checked",0,\N
60,"null",6,"checked",0,\N
61,"null",6,"call",0.603139050999743,\N
62,"null",2,"checked",0,\N
63,"null",8,"call",0.538312732999656,\N
64,"null",5,"call",0.602607272999193,\N
65,"null",7,"call",0.48589813000035,\N
66,"null",5,"call",0.638481048000358,\N
67,"null",5,"checked",0,\N
68,"null",3,"checked",0,\N
69,"null",3,"checked",0,\N
70,"null",6,"checked",0,\N
71,"null",5,"checked",0,\N
72,"null",2,"fold",0.688165075000142,\N
73,"null",5,"call",0.669638450000093,\N
74,"null",6,"call",0.538008523999451,\N
75,"null",8,"call",0.469010953000179,\N
76,"null",3,"fold",0.454888338999808,\N
77,"null",3,"checked",0,\N
78,"null",4,"fold",0.686139125000409,\N
79,"null",2,"fold",0.488252744000419,\N
80,"null",4,"checked",0,\N
81,"null",6,"checked",0,\N
82,"null",3,"checked",0,\N
83,"null",4,"checked",0,\N
84,"null",8,"checked",0,\N
85,"null",4,"checked",0,\N
86,"null",7,"call",1.90725479499997,\N
87,"null",5,"call",0.502501639000001,\N
88,"null",5,"call",0.72164545600026,\N
89,"null",6,"checked",0,\N
90,"null",6,"call",1.23708899499979,\N
91,"null",5,"checked",0,\N
92,"null",4,"fold",1.30621325500032,\N
93,"null",4,"checked",0,\N
94,"null",6,"call",1.27038038000046,\N
95,"null",3,"checked",0,\N
96,"null",5,"checked",0,\N
97,"null",4,"fold",1.60641101300007,\N
98,"null",4,"checked",0,\N
99,"null",8,"checked",0,\N
100,"null",2,"fold",0.836121637999895,\N
101,"null",5,"call",1.68750294200071,\N
102,"null",4,"checked",0,\N
103,"null",3,"fold",0.55488045400034,\N
104,"null",5,"checked",0,\N
105,"null",4,"fold",0.87213685899951,\N
106,"null",2,"checked",0,\N
107,"null",5,"checked",0,\N
108,"null",4,"fold",1.13910420000047,\N
109,"null",4,"fold",0.669334465000247,\N
110,"null",8,"call",0.571653295000032,\N
111,"null",4,"fold",0.652624168000329,\N
112,"null",4,"fold",0.66947024699948,\N
113,"null",5,"checked",0,\N
114,"null",4,"fold",0.9054967080001,\N
115,"null",8,"call",0.471241602000191,\N
116,"null",5,"call",0.685937968999496,\N
117,"null",7,"call",0.769722893999642,\N
118,"null",8,"call",0.769624646000011,\N
119,"null",3,"fold",0.535864118000063,\N
120,"null",6,"call",0.972031474999312,\N
169,"A8F6JFG0WSELT",5,"checked",0,\N
170,"A8F6JFG0WSELT",4,"call",5260,\N
171,"A8F6JFG0WSELT",3,"checked",0,\N
172,"A8F6JFG0WSELT",2,"fold",2380,\N
173,"A8F6JFG0WSELT",5,"checked",0,\N
174,"A8F6JFG0WSELT",5,"checked",0,\N
175,"A8F6JFG0WSELT",7,"call",2499,\N
176,"A8F6JFG0WSELT",7,"checked",0,\N
177,"A8F6JFG0WSELT",2,"checked",0,\N
178,"A1P6OXEJ86HQRM",3,"call",3155,\N
179,"A1P6OXEJ86HQRM",7,"checked",0,\N
180,"A1P6OXEJ86HQRM",3,"fold",1760,\N
181,"A1P6OXEJ86HQRM",4,"checked",0,\N
182,"A1P6OXEJ86HQRM",6,"call",2514,\N
183,"A1P6OXEJ86HQRM",8,"call",863,\N
184,"A1P6OXEJ86HQRM",8,"call",979,\N
185,"A1P6OXEJ86HQRM",2,"fold",847,\N
186,"A1P6OXEJ86HQRM",3,"fold",710,\N
187,"A1P6OXEJ86HQRM",5,"call",1561,\N
188,"A1P6OXEJ86HQRM",2,"checked",0,\N
189,"A1P6OXEJ86HQRM",3,"fold",805,\N
190,"A1P6OXEJ86HQRM",5,"fold",4534,\N
191,"A1P6OXEJ86HQRM",2,"fold",733,\N
192,"A1P6OXEJ86HQRM",6,"call",753,\N
193,"A1P6OXEJ86HQRM",7,"checked",0,\N
194,"A1P6OXEJ86HQRM",5,"fold",1009,\N
195,"A1P6OXEJ86HQRM",4,"checked",0,\N
196,"A1P6OXEJ86HQRM",2,"checked",0,\N
197,"A1P6OXEJ86HQRM",3,"checked",0,\N
198,"A1P6OXEJ86HQRM",7,"call",614,\N
199,"A1P6OXEJ86HQRM",5,"checked",0,\N
200,"A1P6OXEJ86HQRM",2,"fold",1929,\N
201,"A1P6OXEJ86HQRM",2,"fold",858,\N
202,"A1P6OXEJ86HQRM",2,"fold",495,\N
203,"A1P6OXEJ86HQRM",6,"checked",0,\N
204,"A1P6OXEJ86HQRM",5,"checked",0,\N
205,"A1P6OXEJ86HQRM",6,"checked",0,\N
206,"A1P6OXEJ86HQRM",2,"fold",762,\N
207,"A1P6OXEJ86HQRM",3,"checked",0,\N
208,"A1P6OXEJ86HQRM",5,"fold",2440,\N
209,"A1P6OXEJ86HQRM",2,"fold",658,\N
210,"A1P6OXEJ86HQRM",8,"checked",0,\N
211,"A1P6OXEJ86HQRM",2,"fold",501,\N
212,"A1P6OXEJ86HQRM",8,"call",508,\N
213,"A1P6OXEJ86HQRM",7,"call",597,\N
214,"A1P6OXEJ86HQRM",6,"checked",0,\N
215,"A1P6OXEJ86HQRM",2,"fold",452,\N
216,"A1P6OXEJ86HQRM",5,"fold",501,\N
217,"A1P6OXEJ86HQRM",6,"checked",0,\N
218,"A1P6OXEJ86HQRM",3,"fold",472,\N
219,"A1P6OXEJ86HQRM",4,"checked",0,\N
220,"A1P6OXEJ86HQRM",4,"fold",547,\N
221,"A1P6OXEJ86HQRM",7,"checked",0,\N
222,"A1P6OXEJ86HQRM",6,"checked",0,\N
223,"A1P6OXEJ86HQRM",8,"call",1802,\N
224,"A1P6OXEJ86HQRM",5,"fold",2766,\N
225,"A1P6OXEJ86HQRM",2,"checked",0,\N
226,"A1P6OXEJ86HQRM",4,"checked",0,\N
227,"A1P6OXEJ86HQRM",5,"fold",762,\N
228,"A1P6OXEJ86HQRM",7,"call",539,\N
229,"A1P6OXEJ86HQRM",2,"checked",0,\N
230,"A1P6OXEJ86HQRM",8,"checked",0,\N
231,"A1P6OXEJ86HQRM",5,"checked",0,\N
232,"A1P6OXEJ86HQRM",8,"checked",0,\N
233,"A1P6OXEJ86HQRM",2,"checked",0,\N
234,"A1P6OXEJ86HQRM",3,"fold",476,\N
235,"A1P6OXEJ86HQRM",7,"checked",0,\N
236,"A1P6OXEJ86HQRM",5,"fold",520,\N
237,"A1P6OXEJ86HQRM",6,"checked",0,\N
238,"A1P6OXEJ86HQRM",6,"fold",3452,\N
239,"A1P6OXEJ86HQRM",5,"fold",918,\N
240,"A1P6OXEJ86HQRM",4,"fold",455,\N
241,"A1P6OXEJ86HQRM",6,"checked",0,\N
242,"A1P6OXEJ86HQRM",7,"call",560,\N
243,"A1P6OXEJ86HQRM",5,"fold",1302,\N
244,"A1P6OXEJ86HQRM",5,"checked",0,\N
245,"A1P6OXEJ86HQRM",3,"checked",0,\N
246,"A1P6OXEJ86HQRM",3,"fold",1337,\N
247,"A1P6OXEJ86HQRM",5,"fold",503,\N
248,"A1P6OXEJ86HQRM",8,"checked",0,\N
249,"A1P6OXEJ86HQRM",7,"call",570,\N
250,"A1P6OXEJ86HQRM",3,"fold",1324,\N
251,"A1P6OXEJ86HQRM",4,"fold",819,\N
252,"A1P6OXEJ86HQRM",7,"call",542,\N
253,"A1P6OXEJ86HQRM",8,"checked",0,\N
254,"A1P6OXEJ86HQRM",8,"checked",0,\N
255,"A1P6OXEJ86HQRM",6,"checked",0,\N
256,"A1P6OXEJ86HQRM",4,"fold",1149,\N
257,"A1P6OXEJ86HQRM",6,"fold",2059,\N
258,"A1P6OXEJ86HQRM",7,"call",828,\N
259,"A1P6OXEJ86HQRM",3,"fold",965,\N
260,"A1P6OXEJ86HQRM",3,"checked",0,\N
261,"A1P6OXEJ86HQRM",2,"fold",482,\N
262,"A1P6OXEJ86HQRM",2,"fold",878,\N
263,"A1P6OXEJ86HQRM",2,"checked",0,\N
264,"A1P6OXEJ86HQRM",7,"call",583,\N
265,"A1P6OXEJ86HQRM",5,"fold",487,\N
266,"A1P6OXEJ86HQRM",3,"fold",465,\N
267,"A1P6OXEJ86HQRM",8,"call",476,\N
268,"A1P6OXEJ86HQRM",2,"fold",452,\N
269,"A1P6OXEJ86HQRM",6,"checked",0,\N
270,"A1P6OXEJ86HQRM",7,"call",443,\N
271,"A1P6OXEJ86HQRM",5,"fold",481,\N
272,"A1P6OXEJ86HQRM",6,"fold",1423,\N
273,"A1P6OXEJ86HQRM",4,"checked",0,\N
274,"A1P6OXEJ86HQRM",3,"checked",0,\N
275,"A1P6OXEJ86HQRM",4,"fold",476,\N
276,"A1P6OXEJ86HQRM",7,"call",437,\N
277,"A1P6OXEJ86HQRM",2,"fold",588,\N
278,"A1P6OXEJ86HQRM",6,"checked",0,\N
279,"A1P6OXEJ86HQRM",4,"fold",496,\N
280,"AIPHJXQEDNW9L",5,"call",4059,\N
281,"AIPHJXQEDNW9L",6,"call",3099,\N
282,"AIPHJXQEDNW9L",4,"fold",1190,\N
283,"AIPHJXQEDNW9L",7,"checked",0,\N
284,"A2EI075XZT9Y2S",5,"fold",1925,\N
285,"AIPHJXQEDNW9L",6,"call",1910,\N
286,"AIPHJXQEDNW9L",5,"checked",0,\N
287,"A2EI075XZT9Y2S",2,"fold",2540,\N
288,"AIPHJXQEDNW9L",6,"call",2931,\N
289,"A2EI075XZT9Y2S",8,"call",723,\N
290,"AIPHJXQEDNW9L",4,"fold",2284,\N
291,"AIPHJXQEDNW9L",8,"checked",0,\N
292,"A21AVVEQUEX7DA",3,"checked",0,\N
293,"A2EI075XZT9Y2S",2,"fold",2082,\N
294,"AIPHJXQEDNW9L",8,"checked",0,\N
295,"A2EI075XZT9Y2S",6,"call",1016,\N
296,"AIPHJXQEDNW9L",3,"checked",0,\N
297,"AIPHJXQEDNW9L",4,"checked",0,\N
298,"A2EI075XZT9Y2S",4,"fold",1054,\N
299,"A2EI075XZT9Y2S",4,"checked",0,\N
300,"AIPHJXQEDNW9L",7,"call",2298,\N
301,"A2EI075XZT9Y2S",8,"call",866,\N
302,"AIPHJXQEDNW9L",5,"call",2896,\N
303,"A2EI075XZT9Y2S",8,"call",1296,\N
304,"AIPHJXQEDNW9L",7,"call",800,\N
305,"A2EI075XZT9Y2S",2,"fold",893,\N
306,"A2EI075XZT9Y2S",7,"checked",0,\N
307,"AIPHJXQEDNW9L",5,"call",1951,\N
308,"A21AVVEQUEX7DA",3,"fold",4128,\N
309,"AIPHJXQEDNW9L",6,"call",626,\N
310,"A2EI075XZT9Y2S",5,"call",818,\N
311,"A21AVVEQUEX7DA",8,"call",2080,\N
312,"A2EI075XZT9Y2S",6,"call",1851,\N
313,"AIPHJXQEDNW9L",8,"call",1757,\N
314,"A2EI075XZT9Y2S",6,"call",512,\N
315,"AIPHJXQEDNW9L",8,"call",1831,\N
316,"A2EI075XZT9Y2S",3,"fold",892,\N
317,"A21AVVEQUEX7DA",4,"fold",1756,\N
318,"A2EI075XZT9Y2S",8,"checked",0,\N
319,"AIPHJXQEDNW9L",5,"fold",969,\N
320,"A2EI075XZT9Y2S",2,"checked",0,\N
321,"AIPHJXQEDNW9L",2,"fold",825,\N
322,"AIPHJXQEDNW9L",6,"checked",0,\N
323,"A21AVVEQUEX7DA",4,"call",1549,\N
324,"A2EI075XZT9Y2S",6,"checked",0,\N
325,"AIPHJXQEDNW9L",6,"checked",0,\N
326,"A21AVVEQUEX7DA",3,"call",1324,\N
327,"A2EI075XZT9Y2S",6,"call",1902,\N
328,"AIPHJXQEDNW9L",8,"call",1321,\N
329,"A2EI075XZT9Y2S",2,"checked",0,\N
330,"A21AVVEQUEX7DA",6,"call",1617,\N
331,"AIPHJXQEDNW9L",8,"call",1024,\N
332,"A2EI075XZT9Y2S",6,"call",1370,\N
333,"A1Z6F6EIUJFC6T",8,"checked",0,\N
334,"AIPHJXQEDNW9L",4,"fold",939,\N
335,"AIPHJXQEDNW9L",8,"checked",0,\N
336,"A21AVVEQUEX7DA",2,"checked",0,\N
337,"A2EI075XZT9Y2S",2,"fold",2981,\N
338,"A2EI075XZT9Y2S",8,"checked",0,\N
339,"AIPHJXQEDNW9L",3,"fold",1174,\N
340,"A2EI075XZT9Y2S",6,"checked",0,\N
341,"A2EI075XZT9Y2S",8,"checked",0,\N
342,"AIPHJXQEDNW9L",6,"checked",0,\N
343,"A2EI075XZT9Y2S",8,"checked",0,\N
344,"A21AVVEQUEX7DA",4,"call",2769,\N
345,"A1Z6F6EIUJFC6T",6,"fold",3121,\N
346,"AIPHJXQEDNW9L",6,"checked",0,\N
347,"AIPHJXQEDNW9L",5,"checked",0,\N
348,"A2EI075XZT9Y2S",5,"fold",1165,\N
349,"A1Z6F6EIUJFC6T",7,"call",1618,\N
350,"A2EI075XZT9Y2S",6,"call",2225,\N
351,"A21AVVEQUEX7DA",4,"fold",1661,\N
352,"AIPHJXQEDNW9L",5,"call",2423,\N
353,"AIPHJXQEDNW9L",8,"checked",0,\N
354,"A21AVVEQUEX7DA",8,"checked",0,\N
355,"A2EI075XZT9Y2S",7,"call",673,\N
356,"A2EI075XZT9Y2S",3,"checked",0,\N
357,"A1Z6F6EIUJFC6T",8,"call",1712,\N
358,"A2EI075XZT9Y2S",2,"checked",0,\N
359,"AIPHJXQEDNW9L",5,"checked",0,\N
360,"A1Z6F6EIUJFC6T",2,"call",2967,\N
361,"A2EI075XZT9Y2S",5,"fold",1077,\N
362,"A2EI075XZT9Y2S",3,"checked",0,\N
363,"A21AVVEQUEX7DA",7,"call",2745,\N
364,"AIPHJXQEDNW9L",4,"fold",688,\N
365,"A2EI075XZT9Y2S",7,"checked",0,\N
366,"AIPHJXQEDNW9L",5,"call",1054,\N
367,"A2EI075XZT9Y2S",4,"checked",0,\N
368,"A21AVVEQUEX7DA",2,"call",1421,\N
369,"A1Z6F6EIUJFC6T",7,"call",3217,\N
370,"AIPHJXQEDNW9L",4,"fold",1467,\N
371,"A2EI075XZT9Y2S",4,"fold",1417,\N
372,"A1Z6F6EIUJFC6T",8,"call",1755,\N
373,"A21AVVEQUEX7DA",2,"call",1715,\N
374,"A2EI075XZT9Y2S",8,"call",784,\N
375,"AIPHJXQEDNW9L",6,"call",4074,\N
376,"A21AVVEQUEX7DA",8,"checked",0,\N
377,"A2EI075XZT9Y2S",2,"fold",807,\N
378,"A2EI075XZT9Y2S",7,"checked",0,\N
379,"AIPHJXQEDNW9L",5,"fold",1246,\N
380,"AIPHJXQEDNW9L",8,"checked",0,\N
381,"A21AVVEQUEX7DA",7,"checked",0,\N
382,"A2EI075XZT9Y2S",7,"call",807,\N
383,"A21AVVEQUEX7DA",7,"checked",0,\N
384,"AIPHJXQEDNW9L",8,"call",640,\N
385,"AIPHJXQEDNW9L",3,"checked",0,\N
386,"A2EI075XZT9Y2S",3,"fold",637,\N
387,"A2EI075XZT9Y2S",4,"fold",1054,\N
388,"A21AVVEQUEX7DA",3,"call",2502,\N
389,"AIPHJXQEDNW9L",6,"call",876,\N
390,"A2EI075XZT9Y2S",6,"call",712,\N
391,"A21AVVEQUEX7DA",8,"checked",0,\N
392,"AIPHJXQEDNW9L",7,"call",513,\N
393,"A2EI075XZT9Y2S",2,"fold",1379,\N
394,"A2EI075XZT9Y2S",5,"checked",0,\N
395,"AIPHJXQEDNW9L",2,"checked",0,\N
396,"A1Z6F6EIUJFC6T",3,"call",1624,\N
397,"A2EI075XZT9Y2S",8,"checked",0,\N
398,"A1Z6F6EIUJFC6T",8,"checked",0,\N
399,"AIPHJXQEDNW9L",4,"fold",753,\N
400,"A21AVVEQUEX7DA",3,"fold",5447,\N
401,"A2EI075XZT9Y2S",6,"call",473,\N
402,"A2EI075XZT9Y2S",8,"checked",0,\N
403,"AIPHJXQEDNW9L",7,"call",566,\N
404,"AIPHJXQEDNW9L",6,"checked",0,\N
405,"A1Z6F6EIUJFC6T",6,"call",1773,\N
406,"AIPHJXQEDNW9L",8,"checked",0,\N
407,"A1Z6F6EIUJFC6T",4,"checked",0,\N
408,"A2EI075XZT9Y2S",8,"call",576,\N
409,"AIPHJXQEDNW9L",6,"checked",0,\N
410,"A21AVVEQUEX7DA",5,"call",2471,\N
411,"A2EI075XZT9Y2S",4,"fold",852,\N
412,"A1Z6F6EIUJFC6T",2,"checked",0,\N
413,"A2EI075XZT9Y2S",7,"checked",0,\N
414,"A1Z6F6EIUJFC6T",6,"checked",0,\N
415,"AIPHJXQEDNW9L",5,"fold",2458,\N
416,"A2EI075XZT9Y2S",7,"call",420,\N
417,"A21AVVEQUEX7DA",7,"call",2298,\N
418,"AIPHJXQEDNW9L",5,"call",700,\N
419,"A2EI075XZT9Y2S",4,"fold",1788,\N
420,"A2EI075XZT9Y2S",7,"checked",0,\N
421,"A21AVVEQUEX7DA",8,"checked",0,\N
422,"A1Z6F6EIUJFC6T",4,"fold",2727,\N
423,"AIPHJXQEDNW9L",2,"fold",507,\N
424,"A2EI075XZT9Y2S",8,"call",411,\N
425,"A1Z6F6EIUJFC6T",5,"call",950,\N
426,"AIPHJXQEDNW9L",7,"call",646,\N
427,"A2EI075XZT9Y2S",8,"call",465,\N
428,"A21AVVEQUEX7DA",3,"fold",1629,\N
429,"A1Z6F6EIUJFC6T",3,"fold",1041,\N
430,"AIPHJXQEDNW9L",4,"fold",763,\N
431,"A2EI075XZT9Y2S",2,"fold",557,\N
432,"A2EI075XZT9Y2S",4,"checked",0,\N
433,"AIPHJXQEDNW9L",6,"call",823,\N
434,"A2EI075XZT9Y2S",5,"checked",0,\N
435,"A1Z6F6EIUJFC6T",2,"fold",1218,\N
436,"AIPHJXQEDNW9L",8,"checked",0,\N
437,"A21AVVEQUEX7DA",2,"fold",1609,\N
438,"A2EI075XZT9Y2S",6,"checked",0,\N
439,"A1Z6F6EIUJFC6T",3,"call",1030,\N
440,"A2EI075XZT9Y2S",6,"checked",0,\N
441,"AIPHJXQEDNW9L",8,"call",1573,\N
442,"AIPHJXQEDNW9L",2,"checked",0,\N
443,"A21AVVEQUEX7DA",3,"call",2216,\N
444,"A1Z6F6EIUJFC6T",7,"call",998,\N
445,"A2EI075XZT9Y2S",7,"call",434,\N
446,"A2EI075XZT9Y2S",7,"checked",0,\N
447,"A21AVVEQUEX7DA",4,"checked",0,\N
448,"A1Z6F6EIUJFC6T",4,"fold",1782,\N
449,"AIPHJXQEDNW9L",7,"call",603,\N
450,"A1Z6F6EIUJFC6T",6,"checked",0,\N
451,"A2EI075XZT9Y2S",7,"checked",0,\N
452,"A2EI075XZT9Y2S",7,"checked",0,\N
453,"AIPHJXQEDNW9L",6,"call",1614,\N
454,"AIPHJXQEDNW9L",3,"checked",0,\N
455,"A1Z6F6EIUJFC6T",8,"call",1053,\N
456,"AIPHJXQEDNW9L",6,"checked",0,\N
457,"A2EI075XZT9Y2S",8,"call",433,\N
458,"A2EI075XZT9Y2S",3,"checked",0,\N
459,"AIPHJXQEDNW9L",3,"checked",0,\N
460,"A1Z6F6EIUJFC6T",6,"call",1058,\N
461,"AIPHJXQEDNW9L",6,"checked",0,\N
462,"A2EI075XZT9Y2S",8,"call",407,\N
463,"A1Z6F6EIUJFC6T",8,"call",873,\N
464,"AIPHJXQEDNW9L",5,"checked",0,\N
465,"A1Z6F6EIUJFC6T",2,"checked",0,\N
466,"A2EI075XZT9Y2S",7,"call",400,\N
467,"A2EI075XZT9Y2S",6,"checked",0,\N
468,"A1Z6F6EIUJFC6T",2,"checked",0,\N
469,"AIPHJXQEDNW9L",6,"call",506,\N
470,"A2EI075XZT9Y2S",3,"fold",502,\N
471,"A2EI075XZT9Y2S",8,"checked",0,\N
472,"A21AVVEQUEX7DA",6,"call",2435,\N
473,"A2EI075XZT9Y2S",5,"checked",0,\N
474,"AIPHJXQEDNW9L",3,"fold",777,\N
475,"A1Z6F6EIUJFC6T",8,"call",1833,\N
476,"A2EI075XZT9Y2S",8,"checked",0,\N
477,"AIPHJXQEDNW9L",6,"checked",0,\N
478,"A21AVVEQUEX7DA",4,"call",2157,\N
479,"A2EI075XZT9Y2S",4,"checked",0,\N
480,"A2EI075XZT9Y2S",7,"checked",0,\N
481,"AIPHJXQEDNW9L",8,"call",614,\N
482,"AIPHJXQEDNW9L",7,"checked",0,\N
483,"A2EI075XZT9Y2S",5,"checked",0,\N
484,"A2EI075XZT9Y2S",2,"checked",0,\N
485,"A1Z6F6EIUJFC6T",6,"call",3034,\N
486,"A21AVVEQUEX7DA",6,"call",3408,\N
487,"A21AVVEQUEX7DA",8,"checked",0,\N
488,"AIPHJXQEDNW9L",5,"call",970,\N
489,"A2EI075XZT9Y2S",6,"call",1088,\N
490,"A2EI075XZT9Y2S",3,"checked",0,\N
491,"AIPHJXQEDNW9L",6,"call",433,\N
492,"A21AVVEQUEX7DA",4,"checked",0,\N
493,"A1Z6F6EIUJFC6T",8,"call",992,\N
494,"AIPHJXQEDNW9L",7,"call",641,\N
495,"AIPHJXQEDNW9L",8,"checked",0,\N
496,"A2EI075XZT9Y2S",3,"fold",843,\N
497,"A2EI075XZT9Y2S",7,"checked",0,\N
498,"A21AVVEQUEX7DA",2,"checked",0,\N
499,"A1Z6F6EIUJFC6T",8,"call",2256,\N
500,"A1Z6F6EIUJFC6T",2,"checked",0,\N
501,"AIPHJXQEDNW9L",7,"checked",0,\N
502,"A2EI075XZT9Y2S",6,"checked",0,\N
503,"A21AVVEQUEX7DA",4,"checked",0,\N
504,"A2EI075XZT9Y2S",4,"fold",384,\N
505,"AIPHJXQEDNW9L",8,"call",858,\N
506,"A1Z6F6EIUJFC6T",4,"checked",0,\N
507,"A2EI075XZT9Y2S",7,"call",671,\N
508,"AIPHJXQEDNW9L",4,"fold",782,\N
509,"A2EI075XZT9Y2S",6,"checked",0,\N
510,"AIPHJXQEDNW9L",8,"checked",0,\N
511,"A1Z6F6EIUJFC6T",6,"checked",0,\N
512,"A21AVVEQUEX7DA",2,"fold",1432,\N
513,"A2EI075XZT9Y2S",2,"fold",421,\N
514,"AIPHJXQEDNW9L",3,"fold",1093,\N
515,"A21AVVEQUEX7DA",2,"checked",0,\N
516,"A1Z6F6EIUJFC6T",2,"fold",2212,\N
517,"A1Z6F6EIUJFC6T",2,"checked",0,\N
518,"A2EI075XZT9Y2S",5,"fold",3019,\N
519,"AIPHJXQEDNW9L",5,"checked",0,\N
520,"A1Z6F6EIUJFC6T",7,"checked",0,\N
521,"A2EI075XZT9Y2S",6,"call",949,\N
522,"AIPHJXQEDNW9L",3,"checked",0,\N
523,"A21AVVEQUEX7DA",7,"fold",3271,\N
524,"A1Z6F6EIUJFC6T",5,"checked",0,\N
525,"A2EI075XZT9Y2S",8,"call",692,\N
526,"AIPHJXQEDNW9L",6,"checked",0,\N
527,"A21AVVEQUEX7DA",3,"checked",0,\N
528,"A1Z6F6EIUJFC6T",6,"checked",0,\N
529,"A2EI075XZT9Y2S",6,"call",774,\N
530,"A2EI075XZT9Y2S",6,"checked",0,\N
531,"AIPHJXQEDNW9L",2,"checked",0,\N
532,"A1Z6F6EIUJFC6T",7,"call",953,\N
533,"A2EI075XZT9Y2S",3,"fold",1054,\N
534,"AIPHJXQEDNW9L",8,"checked",0,\N
535,"A21AVVEQUEX7DA",2,"checked",0,\N
536,"A2EI075XZT9Y2S",2,"checked",0,\N
537,"AIPHJXQEDNW9L",7,"checked",0,\N
538,"A1Z6F6EIUJFC6T",3,"fold",2346,\N
539,"A2EI075XZT9Y2S",7,"call",436,\N
540,"A21AVVEQUEX7DA",6,"checked",0,\N
541,"AIPHJXQEDNW9L",7,"call",490,\N
542,"A2EI075XZT9Y2S",2,"fold",618,\N
543,"A1Z6F6EIUJFC6T",2,"fold",3421,\N
544,"AIPHJXQEDNW9L",3,"checked",0,\N
545,"A1Z6F6EIUJFC6T",3,"checked",0,\N
546,"A21AVVEQUEX7DA",2,"checked",0,\N
547,"A2EI075XZT9Y2S",4,"fold",380,\N
548,"A2EI075XZT9Y2S",2,"checked",0,\N
549,"AIPHJXQEDNW9L",5,"checked",0,\N
550,"A21AVVEQUEX7DA",7,"checked",0,\N
551,"A2EI075XZT9Y2S",7,"checked",0,\N
552,"AIPHJXQEDNW9L",6,"call",431,\N
553,"AIPHJXQEDNW9L",7,"checked",0,\N
554,"A1Z6F6EIUJFC6T",8,"call",2164,\N
555,"A21AVVEQUEX7DA",6,"checked",0,\N
556,"A1Z6F6EIUJFC6T",2,"checked",0,\N
557,"A2EI075XZT9Y2S",6,"call",482,\N
558,"AIPHJXQEDNW9L",5,"checked",0,\N
559,"A21AVVEQUEX7DA",6,"checked",0,\N
560,"A2EI075XZT9Y2S",3,"fold",1560,\N
561,"AIPHJXQEDNW9L",4,"checked",0,\N
562,"A2EI075XZT9Y2S",8,"checked",0,\N
563,"AIPHJXQEDNW9L",8,"checked",0,\N
564,"AIPHJXQEDNW9L",4,"checked",0,\N
565,"A2EI075XZT9Y2S",4,"fold",1167,\N
566,"A21AVVEQUEX7DA",5,"call",3817,\N
567,"AIPHJXQEDNW9L",3,"fold",1666,\N
568,"AIPHJXQEDNW9L",3,"checked",0,\N
569,"A21AVVEQUEX7DA",7,"checked",0,\N
570,"AIPHJXQEDNW9L",8,"call",691,\N
571,"AIPHJXQEDNW9L",7,"call",718,\N
572,"A21AVVEQUEX7DA",7,"call",3818,\N
573,"AIPHJXQEDNW9L",7,"checked",0,\N
574,"AIPHJXQEDNW9L",2,"checked",0,\N
575,"A21AVVEQUEX7DA",7,"call",2622,\N
576,"AIPHJXQEDNW9L",4,"fold",760,\N
577,"AIPHJXQEDNW9L",4,"fold",1873,\N
578,"A1Z6F6EIUJFC6T",5,"call",2149,\N
579,"A21AVVEQUEX7DA",4,"fold",3242,\N
580,"A1Z6F6EIUJFC6T",5,"call",843,\N
581,"A1Z6F6EIUJFC6T",6,"call",941,\N
582,"A21AVVEQUEX7DA",5,"call",3294,\N
583,"A1Z6F6EIUJFC6T",3,"fold",1137,\N
584,"A1Z6F6EIUJFC6T",5,"checked",0,\N
585,"A21AVVEQUEX7DA",4,"fold",2788,\N
586,"A1Z6F6EIUJFC6T",7,"call",2009,\N
587,"A1Z6F6EIUJFC6T",6,"checked",0,\N
588,"A21AVVEQUEX7DA",4,"call",2687,\N
589,"A1Z6F6EIUJFC6T",6,"call",1489,\N
590,"A21AVVEQUEX7DA",2,"fold",3601,\N
591,"A21AVVEQUEX7DA",7,"checked",0,\N
592,"A1Z6F6EIUJFC6T",7,"call",997,\N
593,"A21AVVEQUEX7DA",7,"checked",0,\N
594,"A1Z6F6EIUJFC6T",4,"call",799,\N
595,"A1Z6F6EIUJFC6T",6,"checked",0,\N
596,"A21AVVEQUEX7DA",3,"checked",0,\N
597,"A1Z6F6EIUJFC6T",7,"checked",0,\N
598,"A21AVVEQUEX7DA",7,"call",2454,\N
599,"A1Z6F6EIUJFC6T",5,"call",2114,\N
600,"A1Z6F6EIUJFC6T",5,"call",1211,\N
601,"A21AVVEQUEX7DA",8,"call",1789,\N
602,"A21AVVEQUEX7DA",4,"checked",0,\N
603,"A1Z6F6EIUJFC6T",4,"fold",1119,\N
604,"A1Z6F6EIUJFC6T",3,"checked",0,\N
605,"A21AVVEQUEX7DA",5,"call",1603,\N
606,"A1Z6F6EIUJFC6T",5,"call",954,\N
607,"A21AVVEQUEX7DA",4,"checked",0,\N
608,"A1Z6F6EIUJFC6T",4,"checked",0,\N
609,"A21AVVEQUEX7DA",3,"checked",0,\N
610,"A21AVVEQUEX7DA",4,"checked",0,\N
611,"A1Z6F6EIUJFC6T",3,"call",1436,\N
612,"A1Z6F6EIUJFC6T",2,"call",904,\N
613,"A1Z6F6EIUJFC6T",2,"checked",0,\N
614,"A21AVVEQUEX7DA",6,"call",1734,\N
615,"A1Z6F6EIUJFC6T",3,"checked",0,\N
616,"A21AVVEQUEX7DA",2,"checked",0,\N
617,"A21AVVEQUEX7DA",5,"checked",0,\N
618,"A1Z6F6EIUJFC6T",4,"fold",1947,\N
619,"A21AVVEQUEX7DA",2,"checked",0,\N
620,"A1Z6F6EIUJFC6T",5,"call",1088,\N
621,"A21AVVEQUEX7DA",7,"checked",0,\N
622,"A1Z6F6EIUJFC6T",5,"call",992,\N
623,"A1Z6F6EIUJFC6T",3,"checked",0,\N
624,"A21AVVEQUEX7DA",2,"checked",0,\N
625,"A1Z6F6EIUJFC6T",5,"checked",0,\N
626,"A1Z6F6EIUJFC6T",5,"checked",0,\N
627,"A21AVVEQUEX7DA",4,"call",4913,\N
628,"A1Z6F6EIUJFC6T",4,"fold",865,\N
629,"A21AVVEQUEX7DA",6,"call",1261,\N
630,"A21AVVEQUEX7DA",3,"fold",1538,\N
631,"A1Z6F6EIUJFC6T",2,"fold",6159,\N
632,"A21AVVEQUEX7DA",5,"checked",0,\N
633,"A1Z6F6EIUJFC6T",3,"call",1024,\N
634,"A21AVVEQUEX7DA",3,"fold",1571,\N
635,"A1Z6F6EIUJFC6T",3,"call",1008,\N
636,"A1Z6F6EIUJFC6T",2,"checked",0,\N
637,"A21AVVEQUEX7DA",5,"fold",1810,\N
638,"A1Z6F6EIUJFC6T",5,"call",871,\N
639,"A21AVVEQUEX7DA",8,"call",1280,\N
640,"A1Z6F6EIUJFC6T",8,"call",939,\N
641,"A1Z6F6EIUJFC6T",8,"checked",0,\N
642,"A21AVVEQUEX7DA",4,"fold",1758,\N
643,"A21AVVEQUEX7DA",3,"fold",1236,\N
644,"A1Z6F6EIUJFC6T",3,"checked",0,\N
645,"A21AVVEQUEX7DA",2,"call",1976,\N
646,"A21AVVEQUEX7DA",8,"checked",0,\N
647,"A1Z6F6EIUJFC6T",7,"call",1010,\N
648,"A21AVVEQUEX7DA",8,"call",3745,\N
649,"A1Z6F6EIUJFC6T",8,"call",848,\N
650,"A1Z6F6EIUJFC6T",7,"call",1031,\N
651,"A21AVVEQUEX7DA",5,"call",2612,\N
652,"A1Z6F6EIUJFC6T",5,"fold",1049,\N
653,"A21AVVEQUEX7DA",6,"checked",0,\N
654,"A21AVVEQUEX7DA",4,"checked",0,\N
655,"A1Z6F6EIUJFC6T",4,"fold",936,\N
656,"A21AVVEQUEX7DA",6,"checked",0,\N
657,"A1Z6F6EIUJFC6T",7,"call",846,\N
658,"A1Z6F6EIUJFC6T",5,"checked",0,\N
659,"A21AVVEQUEX7DA",2,"checked",0,\N
660,"A21AVVEQUEX7DA",3,"checked",0,\N
661,"A1Z6F6EIUJFC6T",5,"fold",1021,\N
662,"A21AVVEQUEX7DA",6,"checked",0,\N
663,"A1Z6F6EIUJFC6T",2,"fold",999,\N
664,"A1Z6F6EIUJFC6T",7,"call",860,\N
665,"A1Z6F6EIUJFC6T",6,"checked",0,\N
666,"A21AVVEQUEX7DA",8,"call",1523,\N
667,"A21AVVEQUEX7DA",4,"checked",0,\N
668,"A21AVVEQUEX7DA",6,"checked",0,\N
669,"A1Z6F6EIUJFC6T",2,"fold",1520,\N
670,"A1Z6F6EIUJFC6T",5,"call",1403,\N
671,"A21AVVEQUEX7DA",5,"call",2568,\N
672,"A1Z6F6EIUJFC6T",3,"fold",891,\N
673,"A21AVVEQUEX7DA",5,"checked",0,\N
674,"A1Z6F6EIUJFC6T",8,"call",878,\N
675,"A1Z6F6EIUJFC6T",8,"checked",0,\N
676,"A1Z6F6EIUJFC6T",8,"checked",0,\N
677,"A21AVVEQUEX7DA",6,"call",1845,\N
678,"A21AVVEQUEX7DA",6,"checked",0,\N
679,"A1Z6F6EIUJFC6T",7,"checked",0,\N
680,"A1Z6F6EIUJFC6T",8,"checked",0,\N
681,"A21AVVEQUEX7DA",6,"call",2660,\N
682,"A21AVVEQUEX7DA",5,"checked",0,\N
683,"A1Z6F6EIUJFC6T",2,"fold",859,\N
684,"A1Z6F6EIUJFC6T",3,"checked",0,\N
685,"A21AVVEQUEX7DA",3,"fold",1366,\N
686,"A1Z6F6EIUJFC6T",4,"fold",1118,\N
687,"A21AVVEQUEX7DA",6,"call",1277,\N
688,"A21AVVEQUEX7DA",7,"checked",0,\N
689,"A20PV3RB3I0W8S",3,"fold",3742,\N
690,"A20PV3RB3I0W8S",4,"call",1754,\N
691,"A20PV3RB3I0W8S",7,"checked",0,\N
692,"A20PV3RB3I0W8S",6,"call",2059,\N
693,"A20PV3RB3I0W8S",5,"call",5619,\N
694,"A20PV3RB3I0W8S",7,"call",7510,\N
695,"A20PV3RB3I0W8S",7,"checked",0,\N
696,"A20PV3RB3I0W8S",6,"checked",0,\N
697,"A20PV3RB3I0W8S",5,"checked",0,\N
698,"A20PV3RB3I0W8S",3,"checked",0,\N
699,"A20PV3RB3I0W8S",8,"checked",0,\N
700,"A20PV3RB3I0W8S",8,"checked",0,\N
701,"A20PV3RB3I0W8S",8,"call",6252,\N
702,"A20PV3RB3I0W8S",4,"checked",0,\N
703,"A20PV3RB3I0W8S",3,"checked",0,\N
704,"A20PV3RB3I0W8S",6,"fold",3124,\N
705,"A20PV3RB3I0W8S",5,"checked",0,\N
706,"A20PV3RB3I0W8S",4,"checked",0,\N
707,"A20PV3RB3I0W8S",3,"call",5681,\N
708,"A20PV3RB3I0W8S",2,"checked",0,\N
709,"A20PV3RB3I0W8S",5,"fold",2740,\N
710,"A20PV3RB3I0W8S",2,"checked",0,\N
711,"A20PV3RB3I0W8S",8,"call",2496,\N
712,"A20PV3RB3I0W8S",6,"checked",0,\N
713,"A20PV3RB3I0W8S",8,"checked",0,\N
714,"A20PV3RB3I0W8S",3,"call",2270,\N
715,"A20PV3RB3I0W8S",7,"checked",0,\N
716,"A20PV3RB3I0W8S",3,"call",2045,\N
717,"A20PV3RB3I0W8S",4,"call",1532,\N
718,"A20PV3RB3I0W8S",8,"call",1454,\N
719,"A20PV3RB3I0W8S",8,"call",5487,\N
720,"A20PV3RB3I0W8S",5,"call",1594,\N
721,"A20PV3RB3I0W8S",5,"call",1912,\N
722,"A20PV3RB3I0W8S",8,"checked",0,\N
723,"A20PV3RB3I0W8S",6,"call",1488,\N
724,"A20PV3RB3I0W8S",8,"checked",0,\N
725,"A20PV3RB3I0W8S",2,"call",4136,\N
726,"A20PV3RB3I0W8S",6,"checked",0,\N
727,"A20PV3RB3I0W8S",8,"checked",0,\N
728,"A20PV3RB3I0W8S",7,"call",5867,\N
729,"A20PV3RB3I0W8S",3,"call",1693,\N
730,"A20PV3RB3I0W8S",3,"checked",0,\N
731,"A20PV3RB3I0W8S",6,"checked",0,\N
732,"A20PV3RB3I0W8S",3,"checked",0,\N
733,"A20PV3RB3I0W8S",8,"call",1561,\N
734,"A20PV3RB3I0W8S",8,"checked",0,\N
735,"A20PV3RB3I0W8S",3,"checked",0,\N
736,"A20PV3RB3I0W8S",7,"checked",0,\N
737,"A20PV3RB3I0W8S",2,"call",1650,\N
738,"A20PV3RB3I0W8S",3,"call",1816,\N
739,"A20PV3RB3I0W8S",5,"call",2915,\N
740,"A20PV3RB3I0W8S",2,"checked",0,\N
741,"A20PV3RB3I0W8S",5,"call",1430,\N
742,"A20PV3RB3I0W8S",6,"checked",0,\N
743,"A20PV3RB3I0W8S",8,"call",1703,\N
744,"A20PV3RB3I0W8S",7,"checked",0,\N
745,"A20PV3RB3I0W8S",8,"checked",0,\N
746,"A20PV3RB3I0W8S",4,"checked",0,\N
747,"A20PV3RB3I0W8S",2,"checked",0,\N
748,"A20PV3RB3I0W8S",2,"checked",0,\N
749,"A20PV3RB3I0W8S",8,"checked",0,\N
750,"A20PV3RB3I0W8S",2,"checked",0,\N
751,"A20PV3RB3I0W8S",3,"call",1534,\N
752,"A20PV3RB3I0W8S",5,"checked",0,\N
753,"A20PV3RB3I0W8S",3,"call",2264,\N
754,"A20PV3RB3I0W8S",3,"checked",0,\N
755,"A20PV3RB3I0W8S",4,"checked",0,\N
756,"A20PV3RB3I0W8S",5,"call",1805,\N
757,"A20PV3RB3I0W8S",4,"fold",1570,\N
758,"A20PV3RB3I0W8S",5,"call",4723,\N
759,"A20PV3RB3I0W8S",2,"checked",0,\N
760,"A20PV3RB3I0W8S",2,"checked",0,\N
761,"A20PV3RB3I0W8S",5,"fold",1976,\N
762,"A20PV3RB3I0W8S",3,"checked",0,\N
763,"A20PV3RB3I0W8S",5,"call",1549,\N
764,"A20PV3RB3I0W8S",7,"checked",0,\N
765,"A20PV3RB3I0W8S",6,"fold",1439,\N
766,"A20PV3RB3I0W8S",2,"checked",0,\N
767,"A20PV3RB3I0W8S",4,"checked",0,\N
768,"A20PV3RB3I0W8S",5,"call",3977,\N
769,"A20PV3RB3I0W8S",5,"call",2073,\N
770,"A20PV3RB3I0W8S",3,"checked",0,\N
771,"A20PV3RB3I0W8S",7,"fold",1218,\N
772,"A20PV3RB3I0W8S",7,"checked",0,\N
773,"A20PV3RB3I0W8S",7,"checked",0,\N
774,"A20PV3RB3I0W8S",7,"call",6034,\N
775,"A20PV3RB3I0W8S",7,"call",3011,\N
776,"A20PV3RB3I0W8S",5,"checked",0,\N
777,"A20PV3RB3I0W8S",6,"call",3486,\N
778,"A20PV3RB3I0W8S",2,"checked",0,\N
779,"A20PV3RB3I0W8S",5,"call",1446,\N
780,"A20PV3RB3I0W8S",2,"call",3272,\N
781,"A20PV3RB3I0W8S",6,"call",2108,\N
782,"A20PV3RB3I0W8S",8,"call",1597,\N
783,"A20PV3RB3I0W8S",8,"checked",0,\N
784,"A20PV3RB3I0W8S",2,"checked",0,\N
785,"A20PV3RB3I0W8S",6,"checked",0,\N
786,"A20PV3RB3I0W8S",2,"call",1589,\N
787,"A20PV3RB3I0W8S",3,"fold",2455,\N
788,"A20PV3RB3I0W8S",4,"fold",2229,\N
789,"A20PV3RB3I0W8S",6,"checked",0,\N
790,"A207IHY6GERCFO",8,"checked",0,\N
791,"A207IHY6GERCFO",7,"checked",0,\N
792,"A207IHY6GERCFO",2,"fold",1665,\N
793,"A207IHY6GERCFO",8,"call",1363,\N
794,"A207IHY6GERCFO",6,"checked",0,\N
795,"A207IHY6GERCFO",2,"fold",2683,\N
796,"A207IHY6GERCFO",4,"fold",3025,\N
797,"A207IHY6GERCFO",8,"call",1330,\N
798,"A207IHY6GERCFO",7,"call",1108,\N
799,"A207IHY6GERCFO",4,"fold",1743,\N
800,"A207IHY6GERCFO",2,"checked",0,\N
801,"A207IHY6GERCFO",7,"call",1426,\N
802,"A207IHY6GERCFO",5,"fold",1515,\N
803,"A207IHY6GERCFO",5,"checked",0,\N
804,"A207IHY6GERCFO",6,"call",2177,\N
805,"A207IHY6GERCFO",4,"fold",1198,\N
806,"A207IHY6GERCFO",7,"checked",0,\N
807,"A207IHY6GERCFO",7,"call",1487,\N
808,"A207IHY6GERCFO",5,"fold",1360,\N
809,"A207IHY6GERCFO",8,"checked",0,\N
810,"A207IHY6GERCFO",6,"call",1017,\N
811,"A207IHY6GERCFO",3,"checked",0,\N
812,"A207IHY6GERCFO",7,"checked",0,\N
813,"A207IHY6GERCFO",2,"fold",966,\N
814,"A207IHY6GERCFO",8,"call",1280,\N
815,"A207IHY6GERCFO",4,"fold",1223,\N
816,"A207IHY6GERCFO",2,"fold",908,\N
817,"A207IHY6GERCFO",8,"call",1008,\N
818,"A207IHY6GERCFO",6,"checked",0,\N
819,"A207IHY6GERCFO",4,"fold",941,\N
820,"A207IHY6GERCFO",4,"checked",0,\N
821,"A207IHY6GERCFO",7,"checked",0,\N
822,"A207IHY6GERCFO",3,"fold",1126,\N
823,"A207IHY6GERCFO",6,"checked",0,\N
824,"A207IHY6GERCFO",3,"checked",0,\N
825,"A207IHY6GERCFO",3,"fold",1204,\N
826,"A207IHY6GERCFO",8,"checked",0,\N
827,"A207IHY6GERCFO",2,"checked",0,\N
828,"A207IHY6GERCFO",2,"checked",0,\N
829,"A207IHY6GERCFO",4,"fold",1061,\N
830,"A207IHY6GERCFO",7,"checked",0,\N
831,"A207IHY6GERCFO",5,"fold",1042,\N
832,"A207IHY6GERCFO",5,"fold",962,\N
833,"A207IHY6GERCFO",5,"fold",1123,\N
834,"A207IHY6GERCFO",7,"checked",0,\N
835,"A207IHY6GERCFO",4,"checked",0,\N
836,"A207IHY6GERCFO",2,"checked",0,\N
837,"A207IHY6GERCFO",3,"fold",1252,\N
838,"A207IHY6GERCFO",8,"call",1219,\N
839,"A207IHY6GERCFO",2,"fold",1064,\N
840,"A207IHY6GERCFO",3,"fold",1508,\N
841,"A207IHY6GERCFO",6,"call",1258,\N
842,"A207IHY6GERCFO",3,"fold",1017,\N
843,"A207IHY6GERCFO",5,"checked",0,\N
844,"A207IHY6GERCFO",7,"checked",0,\N
845,"A207IHY6GERCFO",5,"checked",0,\N
846,"A207IHY6GERCFO",6,"checked",0,\N
847,"A207IHY6GERCFO",5,"fold",1583,\N
848,"A207IHY6GERCFO",3,"checked",0,\N
849,"A207IHY6GERCFO",4,"fold",1341,\N
850,"A207IHY6GERCFO",3,"checked",0,\N
851,"A207IHY6GERCFO",3,"checked",0,\N
852,"A207IHY6GERCFO",5,"fold",1150,\N
853,"A207IHY6GERCFO",4,"checked",0,\N
854,"A207IHY6GERCFO",3,"checked",0,\N
855,"A207IHY6GERCFO",4,"checked",0,\N
856,"A207IHY6GERCFO",3,"checked",0,\N
857,"A207IHY6GERCFO",2,"checked",0,\N
858,"A207IHY6GERCFO",5,"checked",0,\N
859,"A207IHY6GERCFO",8,"call",1001,\N
860,"A207IHY6GERCFO",6,"call",950,\N
861,"A207IHY6GERCFO",3,"fold",1015,\N
862,"A207IHY6GERCFO",7,"checked",0,\N
863,"A207IHY6GERCFO",8,"checked",0,\N
864,"A207IHY6GERCFO",6,"call",1304,\N
865,"A207IHY6GERCFO",3,"fold",914,\N
866,"A207IHY6GERCFO",6,"checked",0,\N
867,"A207IHY6GERCFO",6,"call",1005,\N
868,"A207IHY6GERCFO",2,"fold",1250,\N
869,"A207IHY6GERCFO",4,"checked",0,\N
870,"A207IHY6GERCFO",5,"checked",0,\N
871,"A207IHY6GERCFO",7,"call",1027,\N
872,"A207IHY6GERCFO",4,"checked",0,\N
873,"A207IHY6GERCFO",2,"checked",0,\N
874,"A207IHY6GERCFO",8,"checked",0,\N
875,"A207IHY6GERCFO",8,"checked",0,\N
876,"A207IHY6GERCFO",2,"checked",0,\N
877,"A207IHY6GERCFO",8,"checked",0,\N
878,"A207IHY6GERCFO",2,"fold",1282,\N
879,"A207IHY6GERCFO",8,"call",1000,\N
880,"A207IHY6GERCFO",2,"checked",0,\N
881,"A207IHY6GERCFO",5,"checked",0,\N
882,"A207IHY6GERCFO",5,"fold",1251,\N
883,"A207IHY6GERCFO",4,"checked",0,\N
884,"A207IHY6GERCFO",3,"checked",0,\N
885,"A207IHY6GERCFO",5,"checked",0,\N
886,"A207IHY6GERCFO",8,"call",1079,\N
887,"A207IHY6GERCFO",2,"fold",1129,\N
888,"A207IHY6GERCFO",4,"fold",899,\N
889,"A207IHY6GERCFO",3,"fold",1884,\N
890,"A207IHY6GERCFO",4,"checked",0,\N
891,"A207IHY6GERCFO",7,"checked",0,\N
892,"A207IHY6GERCFO",6,"checked",0,\N
893,"A1G10UPKNT2YEX",3,"checked",0,\N
894,"A1G10UPKNT2YEX",5,"fold",1950,\N
895,"A1G10UPKNT2YEX",8,"call",1763,\N
896,"A1G10UPKNT2YEX",5,"call",1355,\N
897,"A1G10UPKNT2YEX",7,"call",993,\N
898,"A1G10UPKNT2YEX",6,"call",1002,\N
899,"A1G10UPKNT2YEX",3,"checked",0,\N
900,"A1G10UPKNT2YEX",2,"checked",0,\N
901,"A1G10UPKNT2YEX",2,"checked",0,\N
902,"A1G10UPKNT2YEX",3,"call",1578,\N
903,"A1G10UPKNT2YEX",6,"checked",0,\N
904,"A1G10UPKNT2YEX",3,"checked",0,\N
905,"A1G10UPKNT2YEX",8,"checked",0,\N
906,"A1G10UPKNT2YEX",6,"checked",0,\N
907,"A1G10UPKNT2YEX",2,"checked",0,\N
908,"A1G10UPKNT2YEX",7,"call",1246,\N
909,"A1G10UPKNT2YEX",3,"checked",0,\N
910,"A1G10UPKNT2YEX",6,"fold",1193,\N
911,"A1G10UPKNT2YEX",3,"checked",0,\N
912,"A1G10UPKNT2YEX",7,"checked",0,\N
913,"A1G10UPKNT2YEX",3,"checked",0,\N
914,"A1G10UPKNT2YEX",7,"checked",0,\N
915,"A1G10UPKNT2YEX",4,"checked",0,\N
916,"A1G10UPKNT2YEX",6,"checked",0,\N
917,"A1G10UPKNT2YEX",4,"checked",0,\N
918,"A1G10UPKNT2YEX",3,"checked",0,\N
919,"A1G10UPKNT2YEX",7,"checked",0,\N
920,"A1G10UPKNT2YEX",3,"checked",0,\N
921,"A1G10UPKNT2YEX",2,"call",1856,\N
922,"A1G10UPKNT2YEX",3,"checked",0,\N
923,"A1G10UPKNT2YEX",8,"fold",1490,\N
924,"A1G10UPKNT2YEX",4,"call",1151,\N
925,"A1G10UPKNT2YEX",4,"checked",0,\N
926,"A1G10UPKNT2YEX",2,"call",2094,\N
927,"A1G10UPKNT2YEX",5,"call",2588,\N
928,"A1G10UPKNT2YEX",5,"fold",1013,\N
929,"A1G10UPKNT2YEX",5,"checked",0,\N
930,"A1G10UPKNT2YEX",7,"checked",0,\N
931,"A1G10UPKNT2YEX",2,"fold",2248,\N
932,"A1G10UPKNT2YEX",3,"call",4292,\N
933,"A1G10UPKNT2YEX",8,"checked",0,\N
934,"A1G10UPKNT2YEX",4,"call",1567,\N
935,"A1G10UPKNT2YEX",2,"checked",0,\N
936,"A1G10UPKNT2YEX",7,"checked",0,\N
937,"A1G10UPKNT2YEX",8,"call",2522,\N
938,"A1G10UPKNT2YEX",3,"checked",0,\N
939,"A1G10UPKNT2YEX",7,"checked",0,\N
940,"A1G10UPKNT2YEX",6,"call",1241,\N
941,"A1G10UPKNT2YEX",4,"checked",0,\N
942,"A1G10UPKNT2YEX",7,"call",2731,\N
943,"A1G10UPKNT2YEX",5,"checked",0,\N
944,"A1G10UPKNT2YEX",8,"call",2923,\N
945,"A1G10UPKNT2YEX",3,"fold",2422,\N
946,"A1G10UPKNT2YEX",4,"checked",0,\N
947,"A1G10UPKNT2YEX",2,"checked",0,\N
948,"A1G10UPKNT2YEX",2,"fold",1833,\N
949,"A1G10UPKNT2YEX",2,"checked",0,\N
950,"A4E1UYPDHE8D8",5,"checked",0,\N
951,"A4E1UYPDHE8D8",2,"checked",0,\N
952,"A1G10UPKNT2YEX",4,"checked",0,\N
953,"A1G10UPKNT2YEX",3,"checked",0,\N
954,"A4E1UYPDHE8D8",4,"fold",5019,\N
955,"A4E1UYPDHE8D8",2,"fold",1317,\N
956,"A4E1UYPDHE8D8",6,"checked",0,\N
957,"A1G10UPKNT2YEX",5,"fold",5738,\N
958,"A4E1UYPDHE8D8",7,"checked",0,\N
959,"A4E1UYPDHE8D8",3,"fold",947,\N
960,"A4E1UYPDHE8D8",2,"checked",0,\N
961,"A4E1UYPDHE8D8",6,"call",1388,\N
962,"A4E1UYPDHE8D8",8,"call",1067,\N
963,"A4E1UYPDHE8D8",2,"checked",0,\N
964,"A1G10UPKNT2YEX",3,"call",5555,\N
965,"A4E1UYPDHE8D8",8,"checked",0,\N
966,"A4E1UYPDHE8D8",4,"checked",0,\N
967,"A1G10UPKNT2YEX",3,"fold",6947,\N
968,"A1G10UPKNT2YEX",3,"checked",0,\N
969,"A4E1UYPDHE8D8",5,"call",908,\N
970,"A4E1UYPDHE8D8",3,"checked",0,\N
971,"A4E1UYPDHE8D8",3,"fold",1606,\N
972,"A4E1UYPDHE8D8",5,"checked",0,\N
973,"A1G10UPKNT2YEX",3,"fold",6666,\N
974,"A4E1UYPDHE8D8",4,"checked",0,\N
975,"A1G10UPKNT2YEX",4,"fold",5604,\N
976,"A4E1UYPDHE8D8",5,"call",1354,\N
977,"A4E1UYPDHE8D8",8,"checked",0,\N
978,"A4E1UYPDHE8D8",3,"checked",0,\N
979,"A1G10UPKNT2YEX",5,"call",8850,\N
980,"A4E1UYPDHE8D8",7,"call",998,\N
981,"A4E1UYPDHE8D8",5,"checked",0,\N
982,"A1G10UPKNT2YEX",6,"fold",1389,\N
983,"A1G10UPKNT2YEX",6,"checked",0,\N
984,"A4E1UYPDHE8D8",8,"call",1258,\N
985,"A4E1UYPDHE8D8",8,"checked",0,\N
986,"A1G10UPKNT2YEX",6,"fold",3497,\N
987,"A4E1UYPDHE8D8",5,"call",829,\N
988,"A1G10UPKNT2YEX",7,"checked",0,\N
989,"A4E1UYPDHE8D8",7,"call",1260,\N
990,"A1G10UPKNT2YEX",4,"checked",0,\N
991,"A4E1UYPDHE8D8",2,"checked",0,\N
992,"A4E1UYPDHE8D8",2,"checked",0,\N
993,"A1G10UPKNT2YEX",4,"checked",0,\N
994,"A4E1UYPDHE8D8",5,"call",974,\N
995,"A4E1UYPDHE8D8",5,"call",1832,\N
996,"A4E1UYPDHE8D8",3,"checked",0,\N
997,"A4E1UYPDHE8D8",6,"call",1590,\N
998,"A4E1UYPDHE8D8",2,"fold",1676,\N
999,"A4E1UYPDHE8D8",3,"fold",887,\N
1000,"A1G10UPKNT2YEX",3,"call",6321,\N
1001,"A4E1UYPDHE8D8",4,"fold",1065,\N
1002,"A4E1UYPDHE8D8",5,"checked",0,\N
1003,"A1G10UPKNT2YEX",7,"fold",2726,\N
1004,"A4E1UYPDHE8D8",5,"call",2096,\N
1005,"A1G10UPKNT2YEX",6,"fold",1959,\N
1006,"A4E1UYPDHE8D8",6,"checked",0,\N
1007,"A1G10UPKNT2YEX",3,"checked",0,\N
1008,"A1G10UPKNT2YEX",7,"checked",0,\N
1009,"A4E1UYPDHE8D8",2,"fold",846,\N
1010,"A4E1UYPDHE8D8",5,"checked",0,\N
1011,"A1G10UPKNT2YEX",6,"fold",1506,\N
1012,"A4E1UYPDHE8D8",5,"call",1724,\N
1013,"A4E1UYPDHE8D8",2,"checked",0,\N
1014,"A1G10UPKNT2YEX",4,"fold",2646,\N
1015,"A4E1UYPDHE8D8",3,"checked",0,\N
1016,"A4E1UYPDHE8D8",5,"call",1009,\N
1017,"A4E1UYPDHE8D8",5,"call",1054,\N
1018,"A4E1UYPDHE8D8",5,"checked",0,\N
1019,"A4E1UYPDHE8D8",2,"checked",0,\N
1020,"A1G10UPKNT2YEX",8,"call",1962,\N
1021,"A4E1UYPDHE8D8",4,"checked",0,\N
1022,"A4E1UYPDHE8D8",7,"checked",0,\N
1023,"A4E1UYPDHE8D8",4,"fold",1427,\N
1024,"A4E1UYPDHE8D8",6,"checked",0,\N
1025,"A1G10UPKNT2YEX",2,"fold",8676,\N
1026,"A4E1UYPDHE8D8",4,"fold",796,\N
1027,"A1G10UPKNT2YEX",3,"fold",4144,\N
1028,"A4E1UYPDHE8D8",3,"fold",1251,\N
1029,"A1G10UPKNT2YEX",5,"checked",0,\N
1030,"A4E1UYPDHE8D8",5,"call",1087,\N
1031,"A4E1UYPDHE8D8",8,"checked",0,\N
1032,"A4E1UYPDHE8D8",8,"checked",0,\N
1033,"A1G10UPKNT2YEX",5,"fold",1518,\N
1034,"A1G10UPKNT2YEX",8,"checked",0,\N
1035,"A4E1UYPDHE8D8",2,"fold",1163,\N
1036,"A4E1UYPDHE8D8",6,"checked",0,\N
1037,"A1G10UPKNT2YEX",6,"fold",2433,\N
1038,"A4E1UYPDHE8D8",5,"checked",0,\N
1039,"A1G10UPKNT2YEX",5,"fold",1750,\N
1040,"A4E1UYPDHE8D8",7,"call",562,\N
1041,"A1G10UPKNT2YEX",6,"checked",0,\N
1042,"A4E1UYPDHE8D8",4,"checked",0,\N
1043,"A4E1UYPDHE8D8",4,"fold",1368,\N
1044,"A4E1UYPDHE8D8",7,"checked",0,\N
1045,"A4E1UYPDHE8D8",2,"fold",1039,\N
1046,"A1G10UPKNT2YEX",2,"fold",2690,\N
1047,"A4E1UYPDHE8D8",6,"call",1044,\N
1048,"A1G10UPKNT2YEX",5,"checked",0,\N
1049,"A4E1UYPDHE8D8",7,"call",1558,\N
1050,"A1G10UPKNT2YEX",5,"checked",0,\N
1051,"A4E1UYPDHE8D8",3,"checked",0,\N
1052,"A4E1UYPDHE8D8",6,"call",698,\N
1053,"A4E1UYPDHE8D8",8,"call",1487,\N
1054,"A4E1UYPDHE8D8",5,"checked",0,\N
1055,"A4E1UYPDHE8D8",3,"checked",0,\N
1056,"A4E1UYPDHE8D8",4,"fold",592,\N
1057,"A4E1UYPDHE8D8",8,"checked",0,\N
1058,"A4E1UYPDHE8D8",2,"fold",1310,\N
1059,"A1G10UPKNT2YEX",5,"fold",3214,\N
1060,"A1G10UPKNT2YEX",2,"checked",0,\N
1061,"A4E1UYPDHE8D8",2,"fold",1553,\N
1062,"A4E1UYPDHE8D8",6,"call",734,\N
1063,"A1G10UPKNT2YEX",6,"checked",0,\N
1064,"A4E1UYPDHE8D8",8,"checked",0,\N
1065,"A4E1UYPDHE8D8",6,"fold",635,\N
1066,"A4E1UYPDHE8D8",4,"checked",0,\N
1067,"A1G10UPKNT2YEX",2,"fold",2904,\N
1068,"A4E1UYPDHE8D8",5,"checked",0,\N
1069,"A1G10UPKNT2YEX",6,"checked",0,\N
1070,"A4E1UYPDHE8D8",2,"fold",1274,\N
1071,"A4E1UYPDHE8D8",2,"checked",0,\N
1072,"A4E1UYPDHE8D8",3,"fold",609,\N
1073,"A4E1UYPDHE8D8",7,"call",865,\N
1074,"A4E1UYPDHE8D8",3,"fold",1248,\N
1075,"A4E1UYPDHE8D8",6,"fold",3392,\N
1076,"A4E1UYPDHE8D8",5,"checked",0,\N
1077,"A4E1UYPDHE8D8",4,"checked",0,\N
1078,"A4E1UYPDHE8D8",8,"checked",0,\N
1079,"A4E1UYPDHE8D8",5,"checked",0,\N
1080,"A4E1UYPDHE8D8",2,"checked",0,\N
1081,"A4E1UYPDHE8D8",2,"fold",1012,\N
1082,"A4E1UYPDHE8D8",4,"checked",0,\N
1083,"A4E1UYPDHE8D8",7,"checked",0,\N
1084,"A4E1UYPDHE8D8",5,"checked",0,\N
1085,"A4E1UYPDHE8D8",4,"fold",1341,\N
1086,"A4E1UYPDHE8D8",8,"call",873,\N
1087,"A4E1UYPDHE8D8",8,"call",1939,\N
1088,"A4E1UYPDHE8D8",5,"fold",1293,\N
1089,"A4E1UYPDHE8D8",8,"checked",0,\N
1090,"A4E1UYPDHE8D8",8,"checked",0,\N
1091,"A4E1UYPDHE8D8",6,"fold",510,\N
1092,"A314XJY8V1YL12",4,"checked",0,\N
1093,"A314XJY8V1YL12",5,"fold",2523,\N
1094,"A314XJY8V1YL12",3,"checked",0,\N
1095,"A314XJY8V1YL12",4,"checked",0,\N
1096,"A314XJY8V1YL12",7,"checked",0,\N
1097,"A314XJY8V1YL12",3,"fold",959,\N
1098,"A314XJY8V1YL12",3,"checked",0,\N
1099,"A314XJY8V1YL12",5,"call",1534,\N
1100,"A18G2CLYSTENK",2,"checked",0,\N
1101,"A314XJY8V1YL12",6,"call",987,\N
1102,"A314XJY8V1YL12",7,"checked",0,\N
1103,"A314XJY8V1YL12",6,"checked",0,\N
1104,"A18G2CLYSTENK",2,"fold",2343,\N
1105,"A314XJY8V1YL12",5,"fold",869,\N
1106,"A18G2CLYSTENK",7,"call",1307,\N
1107,"A314XJY8V1YL12",4,"fold",918,\N
1108,"A18G2CLYSTENK",8,"checked",0,\N
1109,"A314XJY8V1YL12",6,"call",854,\N
1110,"A18G2CLYSTENK",7,"checked",0,\N
1111,"A314XJY8V1YL12",3,"fold",1147,\N
1112,"A314XJY8V1YL12",7,"checked",0,\N
1113,"A18G2CLYSTENK",7,"call",1614,\N
1114,"A18G2CLYSTENK",3,"checked",0,\N
1115,"A314XJY8V1YL12",5,"fold",976,\N
1116,"A18G2CLYSTENK",8,"call",1744,\N
1117,"A18G2CLYSTENK",4,"checked",0,\N
1118,"A314XJY8V1YL12",5,"fold",3053,\N
1119,"A314XJY8V1YL12",2,"checked",0,\N
1120,"A314XJY8V1YL12",7,"checked",0,\N
1121,"A18G2CLYSTENK",6,"call",934,\N
1122,"A314XJY8V1YL12",3,"checked",0,\N
1123,"A314XJY8V1YL12",2,"checked",0,\N
1124,"A18G2CLYSTENK",4,"call",3421,\N
1125,"A18G2CLYSTENK",6,"checked",0,\N
1126,"A314XJY8V1YL12",4,"fold",1168,\N
1127,"A314XJY8V1YL12",3,"checked",0,\N
1128,"A18G2CLYSTENK",7,"call",901,\N
1129,"A314XJY8V1YL12",2,"checked",0,\N
1130,"A18G2CLYSTENK",2,"fold",870,\N
1131,"A314XJY8V1YL12",5,"call",1159,\N
1132,"A18G2CLYSTENK",4,"call",1549,\N
1133,"A314XJY8V1YL12",7,"checked",0,\N
1134,"A18G2CLYSTENK",6,"call",688,\N
1135,"A18G2CLYSTENK",6,"checked",0,\N
1136,"A314XJY8V1YL12",6,"call",1105,\N
1137,"A314XJY8V1YL12",7,"checked",0,\N
1138,"A18G2CLYSTENK",2,"fold",971,\N
1139,"A18G2CLYSTENK",5,"checked",0,\N
1140,"A314XJY8V1YL12",6,"checked",0,\N
1141,"A314XJY8V1YL12",6,"checked",0,\N
1142,"A18G2CLYSTENK",6,"call",916,\N
1143,"A314XJY8V1YL12",5,"checked",0,\N
1144,"A18G2CLYSTENK",6,"call",757,\N
1145,"A314XJY8V1YL12",7,"checked",0,\N
1146,"A314XJY8V1YL12",2,"checked",0,\N
1147,"A314XJY8V1YL12",7,"checked",0,\N
1148,"A314XJY8V1YL12",3,"checked",0,\N
1149,"A18G2CLYSTENK",7,"checked",0,\N
1150,"A314XJY8V1YL12",5,"call",1131,\N
1151,"A18G2CLYSTENK",7,"call",1257,\N
1152,"A314XJY8V1YL12",4,"fold",1145,\N
1153,"A18G2CLYSTENK",6,"call",1406,\N
1154,"A314XJY8V1YL12",4,"checked",0,\N
1155,"A18G2CLYSTENK",5,"checked",0,\N
1156,"A18G2CLYSTENK",2,"checked",0,\N
1157,"A18G2CLYSTENK",5,"checked",0,\N
1158,"A314XJY8V1YL12",5,"call",4018,\N
1159,"A18G2CLYSTENK",3,"checked",0,\N
1160,"A314XJY8V1YL12",8,"checked",0,\N
1161,"A18G2CLYSTENK",7,"checked",0,\N
1162,"A18G2CLYSTENK",8,"checked",0,\N
1163,"A314XJY8V1YL12",2,"checked",0,\N
1164,"A18G2CLYSTENK",6,"call",1264,\N
1165,"A314XJY8V1YL12",5,"call",874,\N
1166,"A18G2CLYSTENK",2,"fold",977,\N
1167,"A18G2CLYSTENK",4,"checked",0,\N
1168,"A314XJY8V1YL12",8,"call",1877,\N
1169,"A18G2CLYSTENK",2,"checked",0,\N
1170,"A314XJY8V1YL12",5,"call",2042,\N
1171,"A314XJY8V1YL12",6,"checked",0,\N
1172,"A18G2CLYSTENK",7,"call",977,\N
1173,"A314XJY8V1YL12",2,"checked",0,\N
1174,"A18G2CLYSTENK",7,"call",717,\N
1175,"A314XJY8V1YL12",6,"checked",0,\N
1176,"A314XJY8V1YL12",2,"checked",0,\N
1177,"A18G2CLYSTENK",3,"fold",1221,\N
1178,"A18G2CLYSTENK",7,"checked",0,\N
1179,"A314XJY8V1YL12",4,"checked",0,\N
1180,"A18G2CLYSTENK",5,"call",823,\N
1181,"A18G2CLYSTENK",8,"checked",0,\N
1182,"A314XJY8V1YL12",3,"fold",1021,\N
1183,"A18G2CLYSTENK",6,"checked",0,\N
1184,"A314XJY8V1YL12",2,"fold",769,\N
1185,"A314XJY8V1YL12",6,"checked",0,\N
1186,"A18G2CLYSTENK",7,"call",668,\N
1187,"A314XJY8V1YL12",5,"checked",0,\N
1188,"A314XJY8V1YL12",6,"checked",0,\N
1189,"A18G2CLYSTENK",7,"call",1205,\N
1190,"A314XJY8V1YL12",2,"checked",0,\N
1191,"A18G2CLYSTENK",4,"call",848,\N
1192,"A18G2CLYSTENK",2,"fold",856,\N
1193,"A314XJY8V1YL12",3,"fold",1213,\N
1194,"A18G2CLYSTENK",6,"checked",0,\N
1195,"A18G2CLYSTENK",3,"checked",0,\N
1196,"A314XJY8V1YL12",2,"fold",2134,\N
1197,"A314XJY8V1YL12",4,"call",1809,\N
1198,"A18G2CLYSTENK",3,"fold",659,\N
1199,"A18G2CLYSTENK",2,"checked",0,\N
1200,"A314XJY8V1YL12",2,"fold",848,\N
1201,"A18G2CLYSTENK",2,"checked",0,\N
1202,"A314XJY8V1YL12",7,"checked",0,\N
1203,"A18G2CLYSTENK",4,"checked",0,\N
1204,"A314XJY8V1YL12",3,"checked",0,\N
1205,"A314XJY8V1YL12",4,"checked",0,\N
1206,"A314XJY8V1YL12",3,"fold",1190,\N
1207,"A314XJY8V1YL12",5,"call",1055,\N
1208,"A18G2CLYSTENK",2,"checked",0,\N
1209,"A314XJY8V1YL12",8,"call",1176,\N
1210,"A18G2CLYSTENK",3,"checked",0,\N
1211,"A314XJY8V1YL12",8,"call",1553,\N
1212,"A314XJY8V1YL12",7,"call",1215,\N
1213,"A314XJY8V1YL12",3,"checked",0,\N
1214,"A18G2CLYSTENK",7,"call",1882,\N
1215,"A18G2CLYSTENK",6,"checked",0,\N
1216,"A314XJY8V1YL12",3,"checked",0,\N
1217,"A18G2CLYSTENK",2,"fold",1797,\N
1218,"A314XJY8V1YL12",8,"call",1121,\N
1219,"A314XJY8V1YL12",7,"checked",0,\N
1220,"A18G2CLYSTENK",3,"fold",979,\N
1221,"A314XJY8V1YL12",2,"checked",0,\N
1222,"A18G2CLYSTENK",8,"call",1076,\N
1223,"A314XJY8V1YL12",7,"checked",0,\N
1224,"A18G2CLYSTENK",5,"call",972,\N
1225,"A18G2CLYSTENK",2,"checked",0,\N
1226,"A314XJY8V1YL12",5,"call",782,\N
1227,"A314XJY8V1YL12",6,"checked",0,\N
1228,"A18G2CLYSTENK",8,"checked",0,\N
1229,"A314XJY8V1YL12",7,"checked",0,\N
1230,"A18G2CLYSTENK",8,"call",858,\N
1231,"A18G2CLYSTENK",2,"checked",0,\N
1232,"A314XJY8V1YL12",2,"fold",736,\N
1233,"A18G2CLYSTENK",7,"checked",0,\N
1234,"A314XJY8V1YL12",5,"call",551,\N
1235,"A314XJY8V1YL12",8,"call",638,\N
1236,"A18G2CLYSTENK",3,"fold",949,\N
1237,"A314XJY8V1YL12",2,"fold",807,\N
1238,"A18G2CLYSTENK",4,"call",1124,\N
1239,"A18G2CLYSTENK",7,"checked",0,\N
1240,"A314XJY8V1YL12",8,"call",970,\N
1241,"A314XJY8V1YL12",8,"checked",0,\N
1242,"A18G2CLYSTENK",2,"fold",763,\N
1243,"A314XJY8V1YL12",4,"call",1116,\N
1244,"A314XJY8V1YL12",4,"checked",0,\N
1245,"A18G2CLYSTENK",6,"call",1044,\N
1246,"A18G2CLYSTENK",8,"checked",0,\N
1247,"A18G2CLYSTENK",8,"checked",0,\N
1248,"A314XJY8V1YL12",6,"call",833,\N
1249,"A18G2CLYSTENK",7,"checked",0,\N
1250,"A314XJY8V1YL12",5,"call",1306,\N
1251,"A314XJY8V1YL12",3,"fold",582,\N
1252,"A18G2CLYSTENK",3,"fold",967,\N
1253,"A314XJY8V1YL12",7,"checked",0,\N
1254,"A314XJY8V1YL12",2,"checked",0,\N
1255,"A18G2CLYSTENK",2,"fold",1001,\N
1256,"A18G2CLYSTENK",8,"checked",0,\N
1257,"A18G2CLYSTENK",6,"checked",0,\N
1258,"A314XJY8V1YL12",4,"call",821,\N
1259,"A314XJY8V1YL12",3,"checked",0,\N
1260,"A314XJY8V1YL12",5,"checked",0,\N
1261,"A18G2CLYSTENK",4,"fold",599,\N
1262,"A18G2CLYSTENK",7,"call",963,\N
1263,"A18G2CLYSTENK",2,"checked",0,\N
1264,"A314XJY8V1YL12",2,"fold",821,\N
1265,"A314XJY8V1YL12",6,"call",687,\N
1266,"A314XJY8V1YL12",5,"checked",0,\N
1267,"A18G2CLYSTENK",7,"call",925,\N
1268,"A314XJY8V1YL12",3,"checked",0,\N
1269,"A18G2CLYSTENK",3,"fold",3055,\N
1270,"A314XJY8V1YL12",6,"checked",0,\N
1271,"A18G2CLYSTENK",6,"checked",0,\N
1272,"A18G2CLYSTENK",8,"checked",0,\N
1273,"A314XJY8V1YL12",2,"fold",992,\N
1274,"A18G2CLYSTENK",5,"checked",0,\N
1275,"A18G2CLYSTENK",4,"checked",0,\N
1276,"A314XJY8V1YL12",3,"fold",2022,\N
1277,"A314XJY8V1YL12",8,"call",821,\N
1278,"A314XJY8V1YL12",5,"checked",0,\N
1279,"A18G2CLYSTENK",4,"fold",912,\N
1280,"A18G2CLYSTENK",7,"checked",0,\N
1281,"A18G2CLYSTENK",3,"checked",0,\N
1282,"A314XJY8V1YL12",8,"call",937,\N
1283,"A18G2CLYSTENK",2,"fold",1073,\N
1284,"A18G2CLYSTENK",7,"call",649,\N
1285,"A18G2CLYSTENK",2,"fold",830,\N
1286,"A18G2CLYSTENK",2,"fold",881,\N
1287,"A18G2CLYSTENK",7,"checked",0,\N
1288,"A18G2CLYSTENK",3,"fold",735,\N
1289,"A18G2CLYSTENK",4,"checked",0,\N
1290,"A18G2CLYSTENK",5,"call",793,\N
1291,"A18G2CLYSTENK",6,"call",792,\N
1292,"A18G2CLYSTENK",8,"call",1263,\N
1293,"A18G2CLYSTENK",3,"call",624,\N
1294,"A18G2CLYSTENK",5,"checked",0,\N
1295,"A18G2CLYSTENK",7,"call",635,\N
1296,"A18G2CLYSTENK",2,"fold",926,\N
1297,"A18G2CLYSTENK",4,"call",1443,\N
